{
	"format_version": "1.8.0",
	"animations": {
		"idle": {
			"loop": true,
			"animation_length": 2,
			"bones": {
				"right_leg": {
					"rotation": {
						"0.0": [0, 0, 0],
						"2.0": [0, 0, 0]
					},
					"position": {
						"0.0": [0, 0, 0],
						"2.0": [0, 0, 0]
					}
				},
				"left_leg": {
					"rotation": {
						"0.0": [0, 0, 0],
						"2.0": [0, 0, 0]
					},
					"position": {
						"0.0": [0, 0, 0],
						"2.0": [0, 0, 0]
					}
				},
				"right_arm": {
					"rotation": {
						"0.0": [0, 0, 0],
						"1.0": [-5, 0, 0],
						"2.0": [0, 0, 0]
					},
					"position": {
						"0.0": [0, 0, 0],
						"1.0": [0, -0.5, 0],
						"2.0": [0, 0, 0]
					}
				},
				"sword": {
					"rotation": [450, 45, 1],
					"position": [4, 4, 11]
				},
				"left_arm": {
					"rotation": {
						"0.0": [0, 0, 0],
						"1.0": [-7.38543, -0.08382, -1.29876],
						"2.0": [0, 0, 0]
					},
					"position": {
						"0.0": [0, 0, 0],
						"1.0": [0, -0.5, 0],
						"2.0": [0, 0, 0]
					}
				},
				"body": {
					"rotation": {
						"0.0": [0, 0, 0],
						"2.0": [0, 0, 0]
					},
					"position": {
						"0.0": [0, 0, 0],
						"1.0": [0, -0.5, 0],
						"2.0": [0, 0, 0]
					}
				},
				"head": {
					"rotation": {
						"0.0": [0, 0, 0],
						"2.0": [0, 0, 0]
					},
					"position": {
						"0.0": [0, 0, 0],
						"1.0": [0, -0.5, 0],
						"2.0": [0, 0, 0]
					}
				}
			}
		},
		"bow": {
			"animation_length": 1.29167,
			"bones": {
				"right_leg": {
					"rotation": {
						"0.0": [0, 0, 0],
						"0.2083": [0, 0, 2.5],
						"0.7083": [-4.94833, 0, 1.39335],
						"1.2917": [0, 0, 0]
					},
					"position": {
						"0.0": [0, 0, 0],
						"1.2917": [0, 0, 0]
					}
				},
				"left_leg": {
					"rotation": {
						"0.0": [0, 0, 0],
						"0.2083": [7.5, 0, 0],
						"0.7083": [5.00967, -20.23591, -1.6318],
						"1.2917": [0, 0, 0]
					},
					"position": {
						"0.0": [0, 0, 0],
						"1.2917": [0, 0, 0]
					}
				},
				"right_arm": {
					"rotation": {
						"0.0": [0, 0, 0],
						"0.2083": [-90, 0, 0],
						"0.5417": [-77.5, -20, 0],
						"0.7917": [-77.5, -20, 0],
						"1.0417": [-77.5, -20, 0],
						"1.2917": [0, 0, 0]
					},
					"position": {
						"0.0": [0, 0, 0],
						"0.875": [0, 0, 3],
						"1.2917": [0, 0, 0]
					}
				},
				"sword": {
					"scale": 0
				},
				"left_arm": {
					"rotation": {
						"0.0": [0, 0, 0],
						"0.5417": [-86.73794, 39.95426, 2.09615],
						"0.7917": [-86.73794, 39.95426, 2.09615],
						"1.0417": [-86.73794, 39.95426, 2.09615],
						"1.2917": [0, 0, 0]
					},
					"position": {
						"0.0": [0, 0, 0],
						"0.875": [0, 0, 3],
						"1.2917": [0, 0, 0]
					}
				},
				"body": {
					"rotation": {
						"0.0": [0, 0, 0],
						"1.2917": [0, 0, 0]
					},
					"position": {
						"0.0": [0, 0, 0],
						"1.2917": [0, 0, 0]
					}
				},
				"bow": {
					"rotation": {
						"0.0": [90, -25, 0],
						"0.2083": [90, 45, 0],
						"0.5417": [85.23241, 32.79775, 49.87926],
						"0.7917": [85.23241, 32.79775, 49.87926],
						"1.0417": [85.23241, 32.79775, 49.87926],
						"1.2917": [90, -25, 0]
					},
					"position": {
						"0.0": [-7, -2, -2],
						"0.2083": [-7, 6, -9],
						"0.5417": [-3, 5, -9],
						"0.7917": [-3, 5, -9],
						"0.875": [-3, 5, -6],
						"1.0417": [-3, 5, -9],
						"1.2917": [-7, -2, -2]
					}
				},
				"head": {
					"rotation": {
						"0.0": [0, 0, 0],
						"0.2083": [5, 0, 0],
						"0.7083": [-1.92034, 0, 0],
						"1.2917": [0, 0, 0]
					},
					"position": {
						"0.0": [0, 0, 0],
						"1.2917": [0, 0, 0]
					}
				}
			}
		},
		"walk": {
			"loop": true,
			"animation_length": 1,
			"bones": {
				"right_leg": {
					"rotation": {
						"0.0": [25, 0, 0],
						"0.5": [-25, 0, 0],
						"1.0": [25, 0, 0]
					}
				},
				"left_leg": {
					"rotation": {
						"0.0": [-25, 0, 0],
						"0.5": [25, 0, 0],
						"1.0": [-25, 0, 0]
					}
				},
				"right_arm": {
					"rotation": {
						"0.0": [-25, 0, 0],
						"0.5": [25, 0, 0],
						"1.0": [-25, 0, 0]
					}
				},
				"left_arm": {
					"rotation": {
						"0.0": [25, 0, 0],
						"0.5": [-25, 0, 0],
						"1.0": [25, 0, 0]
					}
				}
			}
		},
		"death": {
			"animation_length": 3,
			"bones": {
				"right_leg": {
					"rotation": {
						"0.0": {
							"vector": [0, 0, 0]
						},
						"0.5417": {
							"vector": [0, 0, 0],
							"easing": "easeInSine"
						},
						"0.7917": {
							"vector": [0, 0, 0],
							"easing": "easeInOutSine"
						},
						"2.0417": {
							"vector": [90, 0, 0],
							"easing": "easeInBounce",
							"easingArgs": [0.1]
						},
						"2.1667": {
							"vector": [90, 0, 0],
							"easing": "linear"
						}
					},
					"position": {
						"0.0": {
							"vector": [0, 0, 0]
						},
						"0.5417": {
							"vector": [0, 0, -6],
							"easing": "easeInSine"
						},
						"0.7917": {
							"vector": [0, 0, -6],
							"easing": "easeInOutSine"
						},
						"2.0417": {
							"vector": [0, -10, -9],
							"easing": "easeInBounce",
							"easingArgs": [0.1]
						},
						"2.1667": {
							"vector": [0, -10, -9],
							"easing": "linear"
						}
					}
				},
				"left_leg": {
					"rotation": {
						"0.0": {
							"vector": [0, 0, 0]
						},
						"0.5417": {
							"vector": [50, 0, 0],
							"easing": "easeInSine"
						},
						"0.7917": {
							"vector": [50, 0, 0],
							"easing": "easeInOutSine"
						},
						"2.0417": {
							"vector": [90, 0, 0],
							"easing": "easeInBounce",
							"easingArgs": [0.1]
						},
						"2.1667": {
							"vector": [90, 0, 0],
							"easing": "linear"
						}
					},
					"position": {
						"0.0": {
							"vector": [0, 0, 0]
						},
						"0.5417": {
							"vector": [0, -3, -5],
							"easing": "easeInSine"
						},
						"0.7917": {
							"vector": [0, -3, -5],
							"easing": "easeInOutSine"
						},
						"2.0417": {
							"vector": [0, -10, -9],
							"easing": "easeInBounce",
							"easingArgs": [0.1]
						},
						"2.1667": {
							"vector": [0, -10, -9],
							"easing": "linear"
						}
					}
				},
				"right_arm": {
					"rotation": {
						"0.0": {
							"vector": [0, 0, 0]
						},
						"0.5417": {
							"vector": [-17.5, -32.5, 0],
							"easing": "easeInSine"
						},
						"0.7917": {
							"vector": [-17.5, -32.5, 0],
							"easing": "easeInOutSine"
						},
						"2.0417": {
							"vector": [3.38025, -3.87662, 83.6499],
							"easing": "easeInBounce",
							"easingArgs": [0.1]
						},
						"2.1667": {
							"vector": [3.38025, -3.87662, 83.6499],
							"easing": "linear"
						}
					},
					"position": {
						"0.0": {
							"vector": [0, 0, 0]
						},
						"0.5417": {
							"vector": [0, -4, -4],
							"easing": "easeInSine"
						},
						"0.7917": {
							"vector": [0, -4, -4],
							"easing": "easeInOutSine"
						},
						"2.0417": {
							"vector": [0, -21, -17],
							"easing": "easeInBounce",
							"easingArgs": [0.1]
						},
						"2.1667": {
							"vector": [0, -21, -17],
							"easing": "linear"
						}
					}
				},
				"left_arm": {
					"rotation": {
						"0.0": {
							"vector": [0, 0, 0]
						},
						"0.5417": {
							"vector": [-50.25186, 32.82818, 24.26813],
							"easing": "easeInSine"
						},
						"0.7917": {
							"vector": [-50.25186, 32.82818, 24.26813],
							"easing": "easeInOutSine"
						},
						"2.0417": {
							"vector": [-77.51296, -39.41947, -7.26236],
							"easing": "easeInBounce",
							"easingArgs": [0.1]
						},
						"2.1667": {
							"vector": [-77.51296, -39.41947, -7.26236],
							"easing": "linear"
						}
					},
					"position": {
						"0.0": {
							"vector": [0, 0, 0]
						},
						"0.5417": {
							"vector": [0, -4, -4],
							"easing": "easeInSine"
						},
						"0.7917": {
							"vector": [0, -4, -4],
							"easing": "easeInOutSine"
						},
						"2.0417": {
							"vector": [0, -20, -18],
							"easing": "easeInBounce",